name,email
Aadhav Selvamani,1097943@lcps.org
Aaditya Veludandi,1029853@lcps.org
Aadya Pitani,1010861@lcps.org
Aaizah Shahzad,1005559@lcps.org
Aamina Poonawala,923832@lcps.org
Aarik Bopanna,1010949@lcps.org
Aarnav Garala,1031641@lcps.org
Aaron Hamilton,1006559@lcps.org
Aaron Moran,1018354@lcps.org
Aavishi Singla,1017466@lcps.org
Aayan Ahmed,918464@lcps.org
Aayushi Chamakeri,1075893@lcps.org
Abbas Alkafawi,1003197@lcps.org
Abbey Duangchandr,1017349@lcps.org
Abby Sallee,1032277@lcps.org
Abdalelah Ibrahim,1076199@lcps.org
Abdel Kader El-Zeaiteir,1068866@lcps.org
Abdul Ghafoor Ghafoori,1111436@lcps.org
Abdul Kashif,1049046@lcps.org
Abdul Malik,1116890@lcps.org
Abdul Rahman Abdullah,920368@lcps.org
Abdul Rahman Ghafoori,1111438@lcps.org
Abdul Wahab Ghafoori,1111443@lcps.org
Abdullah Kadri,920953@lcps.org
Abeeyah Khalid,1033951@lcps.org
Abhi Gyanwali,1045671@lcps.org
Abhiram Karnati,1028446@lcps.org
Achyut Kumar,1018897@lcps.org
Adalid Melendez Rivas,1021464@lcps.org
Adalyn Wells,1014913@lcps.org
Adam Coiner,1010539@lcps.org
Adam Slowinski,923976@lcps.org
Addison Alberts,1008887@lcps.org
Addison Grimm,1017353@lcps.org
Addy Tiaga,873693@lcps.org
Aditi Giri,1008536@lcps.org
Aditya Bhatt,1029856@lcps.org
Adrian Alata Quispe,1059382@lcps.org
Adriana Henao,1086938@lcps.org
Adriana Pontigo,1053254@lcps.org
Adrianna Davis,1126449@lcps.org
Adrianna Ferrell,922511@lcps.org
Adrianna Galvez Valdivieso,1003663@lcps.org
Adriano Cuellar Azcarate,1021480@lcps.org
Aedan Friedman,1033969@lcps.org
Afeef Ali,904126@lcps.org
Affan Ali,1118158@lcps.org
Affan Chishty,1107772@lcps.org
Afnan Mohammed,1067843@lcps.org
Afra Hoque,1086992@lcps.org
Afsheen Imam,1075354@lcps.org
Aftab Usmani,1054979@lcps.org
Agha Muhammad Abbas,1089076@lcps.org
Agha Zaigham Abbas,1089018@lcps.org
Ahmad Barrie,1004999@lcps.org
Ahmad Burhan Wahedy,1058093@lcps.org
Ahmad Zubair Ansari,1100550@lcps.org
Ahmanda Kamara,1021621@lcps.org
Ahmed Beshir,1000905@lcps.org
Ahmed Muhmmoud,1099495@lcps.org
Ahmed Umair,1122140@lcps.org
Ahmed Warsame,907877@lcps.org
Ahmet Onal,1098984@lcps.org
Ahora Paiman,1079633@lcps.org
Ahsan Khan,920804@lcps.org
Aidan Finney,1008038@lcps.org
Aidan Lin,904177@lcps.org
Aiden Poblete,1089734@lcps.org
Ain Zahra,1019291@lcps.org
Aisha Shams,1079393@lcps.org
Aisha Usman Zai,1091097@lcps.org
Aishani Basu,1068868@lcps.org
Aj Goodwin,1012945@lcps.org
Aj Kovach,1020412@lcps.org
Aj Rezaie,1033293@lcps.org
Aj Soska,1024382@lcps.org
Ajeet Gill,1021318@lcps.org
Akash Kollabathula,921396@lcps.org
Akshaj Donthi,1013229@lcps.org
Akshaj Kalidindi,1006792@lcps.org
Akshara Edassery,1096687@lcps.org
Akshaya Bathineni,1018968@lcps.org
Alan Revelles,1087256@lcps.org
Alana Dunn,1030302@lcps.org
Alana Hersh Garcia-Puccini,1019607@lcps.org
Aleena Abbasi,1044778@lcps.org
Aleena Alam,1034578@lcps.org
Alejandro Salinas-Bautista,1009042@lcps.org
Alesya Biddle,919916@lcps.org
Alex Aguilar,1006351@lcps.org
Alex Baker,1031919@lcps.org
Alex Beers,1014074@lcps.org
Alex Delcid-Cordova,1006978@lcps.org
Alex Dulle,1080197@lcps.org
Alex Escalante Gomez,1032068@lcps.org
Alex Gaballa,881969@lcps.org
Alex Luong,1055833@lcps.org
Alex Rodriguez,922476@lcps.org
Alex Saidoglu,1020717@lcps.org
Alex Timm,1006608@lcps.org
Alex Valdez,1018355@lcps.org
Alex Ventura,1054515@lcps.org
Alexa Puebla,1106779@lcps.org
Alexander Chambers,1011861@lcps.org
Alexander Woytowitz,1018907@lcps.org
Alexandra Skiados,1009352@lcps.org
Alexandra Westervelt,1030424@lcps.org
Ali Ahmadi Ahmadi,1125150@lcps.org
Ali Mutlu,1007186@lcps.org
Ali Qasim,1005903@lcps.org
Alice Yeo,1017367@lcps.org
Alice Yudayeva,924698@lcps.org
Alina Salim,1006523@lcps.org
Alisa Thompson,1010342@lcps.org
Alisson Mendez Ramirez,1117654@lcps.org
Aliyah Block,1031811@lcps.org
Allaya Kapoor,1019489@lcps.org
Ally Salazar,1009520@lcps.org
Altay Serefli,1076226@lcps.org
Alyssa Behrendt,1006131@lcps.org
Alyssa Wilson,1034980@lcps.org
Amalia Colon-Arcelay,1038377@lcps.org
Amani Negroni,920708@lcps.org
Amber Scout,1017373@lcps.org
Ameer Saghir,1019939@lcps.org
Amelia Page,1066638@lcps.org
Ameya Iyer,1065212@lcps.org
Amina Asim,1119082@lcps.org
Amine Oussarhan,1080146@lcps.org
Amjad Muhagir,1028456@lcps.org
Amritha Kothapalyam,1017376@lcps.org
Amro Aly,887417@lcps.org
Anagha Mantravadi,1075903@lcps.org
Anaia Martis O'Neill,1021307@lcps.org
Anderson Paniagua Serrano,1108477@lcps.org
Anderson Rodriguez Martinez,922183@lcps.org
Anderson Segovia,1047452@lcps.org
Andrawes Gadallah,1009474@lcps.org
Andre Fresco Rodriguez Fresco,1069017@lcps.org
Andrea Cordero Calcano,1013561@lcps.org
Andrea Fuentes Avendano,1057513@lcps.org
Andrea Gequillo,1116640@lcps.org
Andrea Romero Munoz,1098043@lcps.org
Andrew Benton,919898@lcps.org
Andrew Bergman,1004342@lcps.org
Andrew Bourgeois,1043605@lcps.org
Andrew Dubovets,1099204@lcps.org
Andrew Franzonello,1093226@lcps.org
Andrew Goldbach,1067392@lcps.org
Andrew Kelly,1011004@lcps.org
Andrew Wells,870836@lcps.org
Andy Fonseca,921161@lcps.org
Aneesh Lavu,1030752@lcps.org
Angelina Alvarado Melendez,919119@lcps.org
Angie Roa,1012371@lcps.org
Anika Priya-Swaminathan,1000271@lcps.org
Anish Kothuru,1018551@lcps.org
Aniyah Foster,1000142@lcps.org
Aniysha Warrick,1037500@lcps.org
Anjali Chacko,1006566@lcps.org
Anjali Veeramaneni,1011354@lcps.org
Anmisha Gaddam,922881@lcps.org
Anmol Nanjundareddy,922576@lcps.org
Anna Dickerson,1088303@lcps.org
Anna Tawadrous,1009529@lcps.org
Annabelle Saunier,1020019@lcps.org
Annecia Kubanangidi,1014723@lcps.org
Annika Shah,1006565@lcps.org
Anousha Salimi,1035467@lcps.org
Anthony Chicas-Curcio,907508@lcps.org
Anthony Cuellar Azcarate,923553@lcps.org
Anthony Harding,1066848@lcps.org
Anthony Henis,1001008@lcps.org
Anthony Ramos-Villanueva,1059483@lcps.org
Anthony Torres Estrada,1024450@lcps.org
Anthony Waller,1007846@lcps.org
Anthony Zakrewsky,1046312@lcps.org
Antonio Bryant,1125388@lcps.org
Anya Fatemi-Haque,1068787@lcps.org
Aparna Dileepkumar,920843@lcps.org
Apshora Kuddus,922360@lcps.org
Apurva Bhatt,1029857@lcps.org
Aradhana Madar,1087111@lcps.org
Aradhana Parthasaradhy,1104519@lcps.org
Arav Gupta,1077430@lcps.org
Arden Joffrion,1080705@lcps.org
Ariana White,924065@lcps.org
Arianna Trost,1030360@lcps.org
Arianna Valencia,1032119@lcps.org
Arisha Sikka,1068993@lcps.org
Arjun Chandramouli,1073054@lcps.org
Armaan Gill,1009037@lcps.org
Armaan Wadhawan,1029300@lcps.org
Armaan Yadav,923779@lcps.org
Arman Marutyan,1032193@lcps.org
Arman Ramazani,1114568@lcps.org
Armita Bahramian,1116111@lcps.org
Arnav Shah,923606@lcps.org
Arnav Sharma,921466@lcps.org
Arnav Vyas,1059369@lcps.org
Arsanious Hanna,1108572@lcps.org
Arwen Alvesteffer,1009495@lcps.org
Aryaan Wadhawan,923991@lcps.org
Aryan Bachu,1006646@lcps.org
Aryan Kothari,1018460@lcps.org
Aryan Tyagi,1041044@lcps.org
Asenat Shams,1031755@lcps.org
Ashalina Atif,1111535@lcps.org
Ashleigh Whitehead,857100@lcps.org
Ashley Powers,1113265@lcps.org
Ashly Escobar Maldonado,1047612@lcps.org
Ashraf Touil,1100043@lcps.org
Ashrita Akula,1012364@lcps.org
Astrid Benites Yzaguirre,1092617@lcps.org
Atalia Argueta,1020424@lcps.org
Atticus Johnson,1019445@lcps.org
Aubin Paudel Paudel,1034116@lcps.org
Aubree Henriquez,1029877@lcps.org
Audriana Poblete,1122360@lcps.org
Austie Wirth,1045305@lcps.org
Austin Lee,1030322@lcps.org
Austin Vo,1031822@lcps.org
Austin White,1006879@lcps.org
Austin Wolak,901613@lcps.org
Autumn Danny,1029865@lcps.org
Ava Chung,807143@lcps.org
Ava Fielding,1022475@lcps.org
Ava Gardner,1108478@lcps.org
Ava Prendergast,1010788@lcps.org
Avery Edwards,922065@lcps.org
Avery Walker,1020469@lcps.org
Avneet Sidhu,922577@lcps.org
Avni Giri,1029780@lcps.org
Awab Salih,1096867@lcps.org
Aya Alaoui,1007894@lcps.org
Ayaan Alikhan,1059905@lcps.org
Ayaan Sarkar,1019249@lcps.org
Ayaan Sheikh,1045419@lcps.org
Ayesha Saif,1078733@lcps.org
Ayla Jalali,1007518@lcps.org
Aymen Abduletif,1119123@lcps.org
Ayten Hassabalah,1125266@lcps.org
Azaan Rahimi,1065659@lcps.org
Azmi Pasha,919098@lcps.org
Azrim Ahmed,1087908@lcps.org
Baheer Safi,1114388@lcps.org
Bailey Burns,1076977@lcps.org
Basirou Ceesay,1090475@lcps.org
Becker Akoto,1046530@lcps.org
Bella Hahn,1018366@lcps.org
Bella Kasper,1031692@lcps.org
Bella Nguyen,1085329@lcps.org
Bella Rapagna,1019555@lcps.org
Bellatrix Castillo,1021483@lcps.org
Ben Jurado,921211@lcps.org
Ben Marsh,1011060@lcps.org
Ben Wall,1017609@lcps.org
Benafsha Noori,1067295@lcps.org
Benamron Makonnen,1030751@lcps.org
Benjamin Asjodi,1003762@lcps.org
Benjamin Minero Portillo,1023502@lcps.org
Benjamin Palys,923798@lcps.org
Benjamin Smith,878778@lcps.org
Bethel Abraham,1095855@lcps.org
Betty Yilma,1108068@lcps.org
Bhumi Gullapalli,1042116@lcps.org
Bilal Amjed,1116738@lcps.org
Bilal Khan,1014800@lcps.org
Bilal Qadir,1097552@lcps.org
Bishoy Georg,1108573@lcps.org
Blake Hurless,1002494@lcps.org
Bob Higazi,1069072@lcps.org
Braden Johnston,1019046@lcps.org
Braden Logan,1058094@lcps.org
Bradley Villatoro Alfaro,1009589@lcps.org
Brady Wood,922639@lcps.org
Braeden Perry,1123778@lcps.org
Brandon Girimont,1014858@lcps.org
Brandon Neyra,1009724@lcps.org
Brayden Alberts,872879@lcps.org
Brayden Nelson,1074499@lcps.org
Brayden O'Connor,899623@lcps.org
Breanna Santos Martinez,1020325@lcps.org
Breck Taylor,1122320@lcps.org
Breckin Dudics,914058@lcps.org
Brennan Dale,1031935@lcps.org
Brennan Smith,911960@lcps.org
Brh Ver1,brhver1@lcps.org
Brian Moran,922518@lcps.org
Brianna Toska,1053625@lcps.org
Brielle Alves,1051086@lcps.org
Brighid Guevara Martinez,1088907@lcps.org
Brock Sultan,1016203@lcps.org
Brody Fox,836606@lcps.org
Brooke Ford,1116152@lcps.org
Brooklyn Bunker,919591@lcps.org
Brooklynn Huggins,1008089@lcps.org
Brooks Taylor,1108475@lcps.org
Bryan Urrutia De La Hoz,1029684@lcps.org
Bryana Gamero Ramos,1008783@lcps.org
Caden Wenger,1020565@lcps.org
Caden Woodring,1110166@lcps.org
Caitlin Kim,1020278@lcps.org
Caitlin Sallee,1008438@lcps.org
Caitlyn Elardo,1018762@lcps.org
Cale Troia,1068411@lcps.org
Caleb Bazzi,1056226@lcps.org
Caleb Eads,1087588@lcps.org
Caleb Friedman,1006563@lcps.org
Caleb Grinnell,1018463@lcps.org
Caleb Kadric,1031917@lcps.org
Caleigh Warren,1008631@lcps.org
Cameron Kassaie,1034483@lcps.org
Cameron Saunier,921551@lcps.org
Campbell Drennen,1009878@lcps.org
Cardan Robinson,1003300@lcps.org
Carlos Martinez Beltran,863875@lcps.org
Carolina Mawyer,1032267@lcps.org
Caroline Laird,1096277@lcps.org
Caroline Oden,923713@lcps.org
Caroline Yeckley Bayerl,922640@lcps.org
Carter Allo,1027949@lcps.org
Carys Mcgee,1006567@lcps.org
Cayden Hertzler,901950@lcps.org
Ceren Cicos,1031095@lcps.org
Chance Bennion,921951@lcps.org
Charles Yeckley-Bayerl,1096160@lcps.org
Charli Kent,1019451@lcps.org
Charlotte Bezzina,1097729@lcps.org
Charlotte Monaghan,1088473@lcps.org
Chase Harrell,1042009@lcps.org
Chloe Chau,921981@lcps.org
Chloe Morris,1032262@lcps.org
Chris Acevedo,920814@lcps.org
Chris Diaz,851591@lcps.org
Chris Grissom,1009443@lcps.org
Chris Lindgren,1018382@lcps.org
Chris Settel,1020667@lcps.org
Chris Von Kleeck,924030@lcps.org
Christian Bhide,1008906@lcps.org
Christian Bunker,1024005@lcps.org
Christian David Garcia Nieto,1027066@lcps.org
Christian Flores Orellana,1105196@lcps.org
Christian Gordon,1030576@lcps.org
Christian Lee,1020459@lcps.org
Christian Orellana Flores,1002365@lcps.org
Christianna Nanor,1011380@lcps.org
Christopher Antonio Cruz Nieto,1027064@lcps.org
Christopher Kohlmeyer,1005805@lcps.org
Claire Dickerson,1088689@lcps.org
Claire Siwierka,1008480@lcps.org
Claire Webber,921569@lcps.org
Clara Loy,919965@lcps.org
Clara Smith,1035493@lcps.org
Cody Everingham,1011090@lcps.org
Cody Mendoza,1044762@lcps.org
Cole Ivory,922068@lcps.org
Colin Winters,1043932@lcps.org
Collin Jennings,922092@lcps.org
Conner Jackson,1008130@lcps.org
Conner Mcgee,1030013@lcps.org
Connor Bibbs,1018250@lcps.org
Connor Hunt,856887@lcps.org
Connor Sheehe,922596@lcps.org
Connor Stefanac,1010907@lcps.org
Constance Reff,1072451@lcps.org
Cooper Fox,1009000@lcps.org
Cooper Wenger,1020556@lcps.org
Corbin Herring,1016133@lcps.org
Corey Sanders,1073726@lcps.org
Corey Vail,811651@lcps.org
Cormac Steffann,923988@lcps.org
Courtney Mccarty,1075883@lcps.org
Curtis Dowtin,1020560@lcps.org
Dailyn Melgar Alvarez,1100358@lcps.org
Daksha Yerra,1098036@lcps.org
Dalia Salem,1032809@lcps.org
Damien Conwell,1033141@lcps.org
Dana Wagner,923082@lcps.org
Daniel Deberry,1086210@lcps.org
Daniel Garcia Cruz,918090@lcps.org
Daniel Jorge Fontanella,1107143@lcps.org
Daniel Kim,923458@lcps.org
Daniel Nicely,1016032@lcps.org
Daniel Paquin,895107@lcps.org
Daniel Ramirez,1055097@lcps.org
Daniela Peneleu Fuentes,1114574@lcps.org
Daria Cirsmariu,919536@lcps.org
Darin Arun,1018363@lcps.org
Darin Bondy,921880@lcps.org
Darsh Cheekoti,1020087@lcps.org
Dash Kim,1009430@lcps.org
Daud Umer,915763@lcps.org
Daud Usman,1058623@lcps.org
David Amane,1108434@lcps.org
David Antonescu,1005959@lcps.org
David Chidi,1108957@lcps.org
David Enato,1074344@lcps.org
David Montes,1116817@lcps.org
David Rivera,1046565@lcps.org
Davida Moyo,1011046@lcps.org
Davis Mathew,1089654@lcps.org
Davis Mcgee,921976@lcps.org
Davis Wilke,1032095@lcps.org
Dayana Escobar,1012543@lcps.org
Dayana Ramos Barahona,1019104@lcps.org
Declan Gorey,1031628@lcps.org
Deeya Shenoy,1095867@lcps.org
Delilah Collantes Mendez,1069283@lcps.org
Demirhan Demir,1097667@lcps.org
Denise Kwakwah,1030339@lcps.org
Destyni Shorty,1116600@lcps.org
Devik Yamdagni,1064386@lcps.org
Dhiya Kokaragadda,1028129@lcps.org
Dhyana Atturu,1029726@lcps.org
Diana Gonzalez Velasquez,1034563@lcps.org
Divyanshi Vishwakarma,1076294@lcps.org
Dj Smith,1031922@lcps.org
Dmitrii Bobykin,1048154@lcps.org
Duaa Khan,1109856@lcps.org
Duaa Syed,1001848@lcps.org
Durra Almaatok,1018794@lcps.org
Dylan Ambrose,1069401@lcps.org
Dylan Donaldson,1020592@lcps.org
Dylan Erspamer,1056516@lcps.org
Dylan Garzo,1005518@lcps.org
Ebadurahman Ibrahimi,1018365@lcps.org
Ebenezer Tafesse,1068335@lcps.org
Edison Rodriguez,1078492@lcps.org
Edrees Shams,1031757@lcps.org
Eduardo Ortiz,1117412@lcps.org
Eduardo Ramirez,1055122@lcps.org
Eesa Khan,1100097@lcps.org
Efe Kosifoglu,1086360@lcps.org
Eimy Rodriguez Ardila,1107530@lcps.org
Eleanor Chua,1119286@lcps.org
Eleanor Dixon,1085324@lcps.org
Elena Tranchitella,923985@lcps.org
Eletta King,1031960@lcps.org
Eli Block,921963@lcps.org
Eli Sooklal,921819@lcps.org
Eliana Gequillo,1116638@lcps.org
Elias Ennaciri,1066632@lcps.org
Elias Wardak,1090742@lcps.org
Elise Avery,1021177@lcps.org
Elizabeth Vassar,1008569@lcps.org
Ella Colquitt,1008029@lcps.org
Ella Gibbons,1125240@lcps.org
Ella Murray,1018180@lcps.org
Ella Sreniawski,921702@lcps.org
Elle Al-Mahwi,1107893@lcps.org
Elle Pepin,922507@lcps.org
Elle Ward,1018356@lcps.org
Ellie Arreaga Davila,1010379@lcps.org
Em Kennedy,918412@lcps.org
Emaan Khan,1053248@lcps.org
Emaan Raza,920453@lcps.org
Eman Shah,1050554@lcps.org
Emilio Cifuentes,918065@lcps.org
Emily Benites Yzaguirre,1092619@lcps.org
Emily Charley,922824@lcps.org
Emily Jovel,1006921@lcps.org
Emily Kim,1005943@lcps.org
Emily Lee,1029036@lcps.org
Emily Long,1121302@lcps.org
Emily Sanchez Garcia,1110175@lcps.org
Emma Bourgeois,1043608@lcps.org
Emmanuella Kumi,1010021@lcps.org
Emmily Dang,902656@lcps.org
Erika Dix,918521@lcps.org
Erin Sewell,1033219@lcps.org
Escarlet Hernandez,1009270@lcps.org
Eshal Waqar,1110561@lcps.org
Esteven Ayala Rivas,1026884@lcps.org
Ethan Chow,1010281@lcps.org
Ethan Han,1019116@lcps.org
Ethan Kenney,1008276@lcps.org
Ethan Mills,1044895@lcps.org
Ethan Phillips,1030021@lcps.org
Ethan Siwierka,923978@lcps.org
Ethan Sreniawski,1009910@lcps.org
Eva Gerard,1086247@lcps.org
Eva Lanza,1026735@lcps.org
Eva Perdomo,922050@lcps.org
Evelyn Vazquez,1125660@lcps.org
Evie Dickhaut,921046@lcps.org
Ezra Le,919259@lcps.org
Ezra Malaki,1122619@lcps.org
Faayeza Hillalzai,1022002@lcps.org
Fabian Cristobal Lopez,1004035@lcps.org
Fabiana Hearns,923778@lcps.org
Fabio Prieto Serpa,890875@lcps.org
Fairouz Elbasiouny,1110287@lcps.org
Faith Birch,1074079@lcps.org
Faith Kim,1097429@lcps.org
Farida Amer,1018144@lcps.org
Fariha Ahsan,1010906@lcps.org
Faris Ali,1052141@lcps.org
Fatima Abbasi,1044777@lcps.org
Fatima Chohan,1094158@lcps.org
Fatima Elbasir,1037967@lcps.org
Fatima Moneim,1053755@lcps.org
Fayez Asad,921766@lcps.org
Felix Park,1087871@lcps.org
Felix Purnell,1018357@lcps.org
Fernando Varela Sierra,1021696@lcps.org
Finn Bishop,1008022@lcps.org
Fiona Mcdermott,920270@lcps.org
Flavian Wright,1020467@lcps.org
Frais Hassen,924151@lcps.org
Franchessca Chumpitaz,1008993@lcps.org
Francis Hafoba,1037107@lcps.org
Gabriel Berentzen,1117406@lcps.org
Gabriel Lyons,1045277@lcps.org
Gabriel Sholin,1008446@lcps.org
Gabriella Shamieh,894500@lcps.org
Gadre Nelson,1124672@lcps.org
Garrett Chang,1010535@lcps.org
Gavin Flannery,1018361@lcps.org
Gavin Holtz,1010747@lcps.org
Gavrie Jones,1010750@lcps.org
Gemma Costello,1025794@lcps.org
Geo Choi,1029632@lcps.org
George Bomberger,1075863@lcps.org
George Hilliard,1046243@lcps.org
Georgia Orcutt,1075948@lcps.org
Gia Corsi,922047@lcps.org
Gia Villegas,1108729@lcps.org
Gianfranco Briones,1101118@lcps.org
Gianlucca Chumpitaz,1031927@lcps.org
Gina Gaballa,918722@lcps.org
Gio Chavez,1016817@lcps.org
Giselle Miranda,919460@lcps.org
Giselle Torres Martinez,1108021@lcps.org
Gladys Funk Martinez,1088712@lcps.org
Gomboo Erdenesambuu,1117988@lcps.org
Gonzalo Tovar Vila,1094285@lcps.org
Gordon Metz,1011068@lcps.org
Grace Mcguiggan,1024473@lcps.org
Gracelin Ball,1012957@lcps.org
Gracie Bryant,1125386@lcps.org
Grady Lavigne,1018896@lcps.org
Graham Reid,917376@lcps.org
Graisen Edwards,922073@lcps.org
Grant Baxter,1030640@lcps.org
Grant Kerrigan,1017348@lcps.org
Grayson Aesoph,1029154@lcps.org
Grayson Putbrese,1007194@lcps.org
Greyson Clark,1019658@lcps.org
Gurkirat Singh,1007220@lcps.org
Gustavo Andrade-Argueta,1099902@lcps.org
Gwyneth Abante,1045540@lcps.org
Haania Noor,1066690@lcps.org
Hadiyyah Asadullah,1043190@lcps.org
Hadley Samuel,1100379@lcps.org
Haider Mansoor,1059711@lcps.org
Hailey Huang,1046597@lcps.org
Hakeem Mulendwe,1009306@lcps.org
Hamdi Salem,1012739@lcps.org
Hamesha Mandozay,1087814@lcps.org
Hamzah Shakir,1048914@lcps.org
Hanna Khateeb,1126234@lcps.org
Hannah Discua Arias,1079862@lcps.org
Hannah Marsh,1031961@lcps.org
Hannah Thomas,1029842@lcps.org
Hansa Chintalapalli,1008747@lcps.org
Hansika Geddada,921582@lcps.org
Hardy Johnson,1019287@lcps.org
Harkirat Singh,1095669@lcps.org
Harper Cozzie,1100457@lcps.org
Harrison Allo,868074@lcps.org
Harsha Selamselam,1028669@lcps.org
Harshaan Singh,1029740@lcps.org
Harteij Ballepu,1028438@lcps.org
Harvie Parrish,1030092@lcps.org
Hashim Al Sabounchi,1007986@lcps.org
Hasiba Hatamifar,1057736@lcps.org
Haylee Rittenhouse,1014755@lcps.org
Hayley Lowe,1032659@lcps.org
Hazel Tovar-Guareno,1021899@lcps.org
Heela Baz,1079701@lcps.org
Helen Li,1032249@lcps.org
Helene Savane,1107447@lcps.org
Hellen Aquino Rivera,1079012@lcps.org
Henock Wolde,1117785@lcps.org
Henry Aesoph,921371@lcps.org
Henry Mcdermott,1021268@lcps.org
Henry Stott,1059819@lcps.org
Henry Terranova,922612@lcps.org
Hewad Kalemzai,1111537@lcps.org
Hiyabel Tekeste,1059148@lcps.org
Hope Rorie,1024901@lcps.org
Hridhay Kotha,1012560@lcps.org
Humaira Sulaiman,1124639@lcps.org
Hunter Cavanaugh,1024800@lcps.org
Hunter Hooks,1084382@lcps.org
Hunter Humphrey,1100413@lcps.org
Ian Cabrera,1074444@lcps.org
Ian Decastra,902590@lcps.org
Ian Ferner,921068@lcps.org
Ian Link,1074497@lcps.org
Ian Rohr,888083@lcps.org
Ian Spencer,1018742@lcps.org
Ibraheem Waqar,1110562@lcps.org
Ibrahim Pasha,1017351@lcps.org
Iby Ali,1020593@lcps.org
Iman Syed,920241@lcps.org
Imanol Garma Ccatamayo,1001851@lcps.org
Imran Abbasi,1026998@lcps.org
Indrakshi Ayalasomayajula,1028447@lcps.org
Ira Jadhav,920294@lcps.org
Isaac Brody,1031820@lcps.org
Isaac Daniel Gannaban,1115780@lcps.org
Isaac Nieves,1005438@lcps.org
Isaac Villegas,1108658@lcps.org
Isabel Diaz,1031920@lcps.org
Isabella Benites,1009624@lcps.org
Isabella Caballero,920576@lcps.org
Isabella Carrera,1008659@lcps.org
Isabella Hurtado,1021573@lcps.org
Isabella Pazuki,1035511@lcps.org
Isha Ghufran,1049049@lcps.org
Ishanth Goli,909516@lcps.org
Ishir Aggarwal,1059424@lcps.org
Ishta Srirambhatla,1003462@lcps.org
Isiaq Suara,1118534@lcps.org
Ismail Patlak,1005799@lcps.org
Israel Enato,1074342@lcps.org
Itzel Powell,924070@lcps.org
Ivanka Abela,1019041@lcps.org
Ivy Thai,1020465@lcps.org
Iwarin Tapanadul,1055254@lcps.org
Izzy Ustariz-Velasquez,1013642@lcps.org
Ja'Kari Davis,1001004@lcps.org
Jace Tonkeu,1117734@lcps.org
Jack Fales,1006656@lcps.org
Jack Halstead,1011520@lcps.org
Jack Kerrigan,921206@lcps.org
Jack Mcloughlin,1007198@lcps.org
Jack Spina,1018391@lcps.org
Jack Wright,1033444@lcps.org
Jackeline Diaz Bonilla,819522@lcps.org
Jackson Croll,1031825@lcps.org
Jackson Kent,1011006@lcps.org
Jacob Clark,923196@lcps.org
Jacob Hawkins,1075165@lcps.org
Jacob Oswald,1045105@lcps.org
Jad El Idrissi El Khaldi,1118653@lcps.org
Jad Guennouni,1077331@lcps.org
Jada Karmo,923636@lcps.org
Jadah Urbano-Arias,1060488@lcps.org
Jade Tiaga,873694@lcps.org
Jaden Fernando,1007524@lcps.org
Jaden Smith,1020110@lcps.org
Jadon-Christopher Smith,1109558@lcps.org
Jaediael Louise Bautista,1115755@lcps.org
Jaelyn Johnson,1000805@lcps.org
Jafet Escobar,916687@lcps.org
Jahnavi Sajja,1067462@lcps.org
Jai Mukkamalla,923264@lcps.org
Jai Vajre,1008585@lcps.org
Jaime Leiva Jovel,1005852@lcps.org
Jair Orellana Flores,1036305@lcps.org
Jaisson Paniagua Serrano,1108479@lcps.org
Jake Hettinger,1020760@lcps.org
Jake Krasilovsky,1021200@lcps.org
Jalynn Diehl,1009025@lcps.org
James Avakian,1006527@lcps.org
James Bealefeld,1036285@lcps.org
James Burr,1099445@lcps.org
Janaeyah Burr,1099446@lcps.org
Jandy Mercado El-Hannaoui,1036272@lcps.org
Jane Barnes,1010941@lcps.org
Jasmine Amran,1009335@lcps.org
Jasmine Delcid-Cordova,1032414@lcps.org
Jasselyn Fernandez,1075405@lcps.org
Javier Lopez Montenegro,1106388@lcps.org
Jayana Smith,1116786@lcps.org
Jayathi Mukkamalla,923263@lcps.org
Jayda Torres,1123854@lcps.org
Jayden Ho,1018901@lcps.org
Jayden Knox,1107121@lcps.org
Jayden Street,1057140@lcps.org
Jaylynn Mathes,1059534@lcps.org
Jazmin Dogan,1036498@lcps.org
Jediah Lambert,902122@lcps.org
Jeffrey Zhang,1011751@lcps.org
Jenya Erinjeri,1005812@lcps.org
Jesse Mccoy,921969@lcps.org
Jessica Awuah,920387@lcps.org
Jessica Ferrigno,1042442@lcps.org
Ji-Sue Choi,1005839@lcps.org
Jia Uchlani,1018379@lcps.org
Jilma Alhassan,1010510@lcps.org
Jina Morgan,1046298@lcps.org
Jitesh Raj,921895@lcps.org
Jj Spearman,1046860@lcps.org
Jkwon Riley,1088226@lcps.org
Joao Amaya,922894@lcps.org
Joaquin Benitez,1031804@lcps.org
Joel Biber,1018252@lcps.org
John Carpio-Ochoa,1008572@lcps.org
John Marietti,893115@lcps.org
John Weltens,1017758@lcps.org
Johnathan Yoo,1018454@lcps.org
Jojo Mann,909041@lcps.org
Jojo Mitchell,1032835@lcps.org
Jon Wendling,1057136@lcps.org
Jonah Andreone,1045343@lcps.org
Jonathan Annis,1020279@lcps.org
Jonathan Arvind,1017685@lcps.org
Jonathan Aviles,1045014@lcps.org
Jordan Aranda,1003631@lcps.org
Jordan Smith,1003589@lcps.org
Jordyn Stiles,1107473@lcps.org
Jorge Farromeque,1013749@lcps.org
Jorge L Marin Alcaza Marin-Alcazar,922998@lcps.org
Joseph Basso,1007661@lcps.org
Joseph Ferrigno,1006595@lcps.org
Joseph Gil Pajares,1009429@lcps.org
Joseph Mank,1006651@lcps.org
Josh Collins,921985@lcps.org
Josh Vera,1008222@lcps.org
Joshua Kaufman,1073538@lcps.org
Joshua Smith,1109462@lcps.org
Joshua Swanson,1029228@lcps.org
Josiah Joyner,1045466@lcps.org
Joskin Salinas Sorto,1019008@lcps.org
Josue Escalante Rivas,1007882@lcps.org
Josue Rodriguez,1009453@lcps.org
Jounir Barsoum,1090908@lcps.org
Joyia Leslie,1053029@lcps.org
Juan Sanchez Sanchez Masini,1125782@lcps.org
Juana Gregoret,1056592@lcps.org
Judith Stephen,1101014@lcps.org
Julia Deberry,1086205@lcps.org
Juliana Fielding,1031238@lcps.org
Justin Chu,1116383@lcps.org
Justin Fraser,1017355@lcps.org
Kaashvi Tarkas,1032717@lcps.org
Kabir Haidary,824756@lcps.org
Kaden Foreman,1026608@lcps.org
Kaden Seaton,921554@lcps.org
Kadija Dia,1010970@lcps.org
Kai Theeke,1095687@lcps.org
Kaiden Amin,1003367@lcps.org
Kalssom Noori,1119870@lcps.org
Kamal Abdelmasih,1048171@lcps.org
Kamala Gray,1097699@lcps.org
Karam Mazraawi,1025787@lcps.org
Karar Haider,921691@lcps.org
Katalina Letz,921261@lcps.org
Kate Crookston,1057800@lcps.org
Katelyn Remes,1014941@lcps.org
Katharine Burns,1018451@lcps.org
Katherine Yun,922739@lcps.org
Kathryn Nystrom,1082808@lcps.org
Katie Dicarlo,920078@lcps.org
Katie Gaballa,918746@lcps.org
Kavya Balamurugan,1008269@lcps.org
Kay Cannon-Hall,1078739@lcps.org
Kayden Athwal-Taylor,1020921@lcps.org
Kayinat Jaghori,1002921@lcps.org
Kayleigh Diorio,1008033@lcps.org
Kealan Lyons,1017919@lcps.org
Kebron Zulla,1116648@lcps.org
Keeghan Mcnamara,1116164@lcps.org
Keir Korotovskikh,904869@lcps.org
Keira Buckley,1079408@lcps.org
Kelsey Williams,1018902@lcps.org
Kendall Davidson,920234@lcps.org
Kendall Hogan,1018751@lcps.org
Kendall Westervelt,922440@lcps.org
Kenneth Vargas Zapata,1012187@lcps.org
Kenzie Benites Yzaguirre,1092618@lcps.org
Kenzie Goodrich,1031964@lcps.org
Kevin Hendricks,769255@lcps.org
Keya Nadkarni,894905@lcps.org
Keyaan Afzal,1021168@lcps.org
Keyla Kamdem Djuissi,1117740@lcps.org
Khadija Ghafoori,1078653@lcps.org
Khalil Edmund,1002213@lcps.org
Khanh Nguyen,1005944@lcps.org
Kian Leon Castro,904328@lcps.org
Kidus Adane,1107116@lcps.org
Kimberly Luna Rivera,1032060@lcps.org
Kira Cook,1007560@lcps.org
Kira Ogren,1123429@lcps.org
Kirill Bezkorovainyi,1044706@lcps.org
Kiyomi Chen,1093596@lcps.org
Klent Casas,1113580@lcps.org
Kofi Johnson,1046357@lcps.org
Koray Kaya,918310@lcps.org
Krishna Veeramaneni,1020414@lcps.org
Kristine Ghattas,1021628@lcps.org
Krithik Arun Prasath,1028440@lcps.org
Kwame Ntiamoah,1109441@lcps.org
Kyle Tifft,1018906@lcps.org
Kyle Watson,924104@lcps.org
Kylie Dowtin,1025568@lcps.org
Lacey Pollard,1007269@lcps.org
Laila Willeke,923728@lcps.org
Landon Hilliard,1044107@lcps.org
Landon Sheppard,1032091@lcps.org
Landon Smith,1024914@lcps.org
Lavan Larkin Manuel,1004865@lcps.org
Layan Mazraawi,1025784@lcps.org
Layla Adler,921896@lcps.org
Layla Lermitte,1014463@lcps.org
Layth Al-Obaidi,1066949@lcps.org
Leah Basso,1018247@lcps.org
Leah Llanos,1031090@lcps.org
Leah Wolak,920196@lcps.org
Leo Jordan,875099@lcps.org
Lessly Cruz Abarca,907370@lcps.org
Lexi Rotaru,922530@lcps.org
Lexi Russell,1077552@lcps.org
Liam Dudics,873892@lcps.org
Liam Gallanthen,893399@lcps.org
Liam Jordan,1009597@lcps.org
Liam Mcfarlin,1011050@lcps.org
Liam Smith,1018645@lcps.org
Liangie Castro De La Cruz,1022678@lcps.org
Lilah Kassaie,1005551@lcps.org
Lilian Yonas,1064441@lcps.org
Lilly Cabrera,1031212@lcps.org
Lily Garavito,922076@lcps.org
Lily Reeves,1010487@lcps.org
Lily Sansing,920192@lcps.org
Lina Atari,1019167@lcps.org
Lina Hurtado Guerrero,1078259@lcps.org
Liv Furman,1035781@lcps.org
Liyah Hemingway,1019200@lcps.org
Liz Prochazka,1018183@lcps.org
Lizabel Pozo Luizaga,904378@lcps.org
Loay Hourani,1010618@lcps.org
Logan Anthony,923519@lcps.org
Logan Jordan,922840@lcps.org
Logan Mclaughlin,1006524@lcps.org
Logan Seaton,1068859@lcps.org
Logan Suarez-Warren,1044654@lcps.org
Logan Thomas,1020893@lcps.org
Logan Vu,1020499@lcps.org
Lola Bloyer,1031818@lcps.org
Lor'Vaughn Moore,1126328@lcps.org
Lorelei Hamilton,1018535@lcps.org
Loza Mamo,1055308@lcps.org
Luca Sanchez Hightower,1023779@lcps.org
Lucas Banks,1022903@lcps.org
Lucas Neely,1038126@lcps.org
Lucas Palmer,1030755@lcps.org
Lucas Rosado-Woolfe,1107993@lcps.org
Lucero Portilla Zegarra,1083604@lcps.org
Lucia Gonzalez,1108674@lcps.org
Luis Bucheli Rivera,1106387@lcps.org
Luka Decastra,1004283@lcps.org
Lukas Nystrom,1082580@lcps.org
Lukas Penagos,902078@lcps.org
Luke Brandenburg,920880@lcps.org
Luke Swanson,1006558@lcps.org
Lydia Harrison,1006135@lcps.org
Lyla O'Connell,920683@lcps.org
Maddie Garavito,1031686@lcps.org
Maddie Tran,1009372@lcps.org
Maddy Monaghan,1088497@lcps.org
Madeline Goldbach,1066926@lcps.org
Madhav Jhunjhunwala,1020384@lcps.org
Madison Fowler,1021520@lcps.org
Maggie Hill,1030009@lcps.org
Maggie Mccarthy,1043884@lcps.org
Mahita Ghattu,1005811@lcps.org
Mahsa Haiderian,1013345@lcps.org
Maima Yasin,1037690@lcps.org
Malaina Evans,918497@lcps.org
Malak Alaoui,923106@lcps.org
Maleah Mathis,902690@lcps.org
Manny Mikhaeel,1117071@lcps.org
Mara Brazina,919551@lcps.org
Mara Cavanagh,1010264@lcps.org
Marbely Tejeda Munguia,1040072@lcps.org
Maren Branson,1046781@lcps.org
Margaret Maranto,922493@lcps.org
Maria Sulaiman,1124640@lcps.org
Maria-Jose Briones,1009931@lcps.org
Mariam Niang,1047424@lcps.org
Mariam Sulaiman,1124641@lcps.org
Marina Pinto Vasquez,1046691@lcps.org
Mario Majano Rivas,1020584@lcps.org
Mariyam Ali,1098236@lcps.org
Mark Kozintsev,1021683@lcps.org
Marley Gaither,1031809@lcps.org
Marshall Yealdhall,1105538@lcps.org
Martha Amador Mejia,1105289@lcps.org
Martin Caceres,1034123@lcps.org
Martin Tawadrous,1000472@lcps.org
Marwa Sadan,1008768@lcps.org
Mary Henis,1009102@lcps.org
Mary Karimi,1047028@lcps.org
Mary Kate Mcconnell,1124182@lcps.org
Maryam Abdeen,1020421@lcps.org
Mason Atkins,1024437@lcps.org
Mason Caceres,1010961@lcps.org
Mason Chow,1031914@lcps.org
Mason Fisher,1018456@lcps.org
Mason Foreman,1026611@lcps.org
Mason Fox,1029867@lcps.org
Mason Lee,1006659@lcps.org
Mason Orosz,1021283@lcps.org
Mason Prendergast,1030260@lcps.org
Mason Rose,1042413@lcps.org
Mateo Calderon,853824@lcps.org
Mateo Gomez-Salazar,1003490@lcps.org
Mati Blackford,1007746@lcps.org
Matt Ordonez Garcia,895619@lcps.org
Matt Smaltz,808596@lcps.org
Matthew Angulo,1022119@lcps.org
Matthew Bates,1010004@lcps.org
Matthew Mcconnell,1003049@lcps.org
Matthew Visser,1011055@lcps.org
Matthew Weitzel,1029285@lcps.org
Matthew Whitehead,922631@lcps.org
Mauricio Moncada Guevara,1125403@lcps.org
Max Pabon-Gavillan,1105676@lcps.org
Max Smith,920145@lcps.org
Maya Pantall,897420@lcps.org
Maya Welsher,1032123@lcps.org
Mazin Mohamed,1111882@lcps.org
Meelad Qasimi,1111150@lcps.org
Meena Nawabi,1078463@lcps.org
Megan Whatley,1027049@lcps.org
Mehdi Babachi,1118020@lcps.org
Mehnoor Aulakh,1006977@lcps.org
Mehrnosh Murad,1118430@lcps.org
Melanie Mills,1098238@lcps.org
Melody Taefy,1021101@lcps.org
Melvin Ezeogu,1043423@lcps.org
Menatalla Mohamed,1058875@lcps.org
Mia Ferner,1031956@lcps.org
Mia Resendez,1110145@lcps.org
Mia Wattier,1007183@lcps.org
Mica Perin,1005804@lcps.org
Michael Amara,1033262@lcps.org
Michael Kohlmeyer,1030012@lcps.org
Michael Sagna,1124646@lcps.org
Michael Springer,923913@lcps.org
Michael Sweitzer,1010361@lcps.org
Michael Urrea Montes,1035666@lcps.org
Michael Vazquez,1126027@lcps.org
Michelle Bruce,1017153@lcps.org
Michelle Thomas,1006376@lcps.org
Michelle Ventura,1024213@lcps.org
Michio Watanabe,1031831@lcps.org
Miguel Lopes Piedade,897299@lcps.org
Miguel Macnevin,923570@lcps.org
Mikael Abbas,1056523@lcps.org
Mikaela Malaespina,868540@lcps.org
Mikhael Fatemi-Haque,1068781@lcps.org
Milad Naimi,1037432@lcps.org
Milan Nair,1036640@lcps.org
Miley Metz,1032499@lcps.org
Miller Craft,1009913@lcps.org
Milton Acosta Rivas,1080395@lcps.org
Mimi Sagba,903635@lcps.org
Mimi Spruell,1055265@lcps.org
Minahil Ghufran,1049047@lcps.org
Mirabelle Taylor,1108131@lcps.org
Mirwais Sahar,1080679@lcps.org
Mitra Sada,919183@lcps.org
Mj Thompson,1115196@lcps.org
Moe Abel-Hawa,1077488@lcps.org
Mohamed Elbassiouny,1110286@lcps.org
Mohamed Mansour,1032279@lcps.org
Mohamed Saed,1064513@lcps.org
Mohamed Salih,1096857@lcps.org
Mohammed Imran,1062274@lcps.org
Mohammed Taha,1117985@lcps.org
Momin Mohamed,1111880@lcps.org
Morgan Buckler,1008930@lcps.org
Morgen Shuster,1019195@lcps.org
Moses Bomberger,1075223@lcps.org
Mudaser Ahmadi,1037850@lcps.org
Muhammad Ahmed,1045310@lcps.org
Muhammad Ahmed,1045422@lcps.org
Muhammad Boker,1086894@lcps.org
Muhammad Khan,1078737@lcps.org
Muhammad Rashid,1028434@lcps.org
Muhammad Sher,1031484@lcps.org
Muiz Ayubi,1121269@lcps.org
Murilo Do Amaral Gouvea,1006168@lcps.org
Musa Umer,874146@lcps.org
Musawir Ahmadi,1037804@lcps.org
Muzi Ahmadzada,1115808@lcps.org
Mya Kozan,1086203@lcps.org
Myla Boller,1018413@lcps.org
Myriam Ouerd,1042401@lcps.org
Mysha Shaik,1038250@lcps.org
Naana Appiah,1117299@lcps.org
Nadira Porter,1056835@lcps.org
Nadiyah Porter,1024346@lcps.org
Nafi Qureshi,1017370@lcps.org
Nahomy Marroquin-Portillo,1088667@lcps.org
Naijah Miller,1126015@lcps.org
Naimatullah Wardak,1073981@lcps.org
Naom Labena,1108903@lcps.org
Naomi Robins,1109527@lcps.org
Naren Shenoy,1006550@lcps.org
Narine Hunanyan,1011242@lcps.org
Nasia Wade,1126329@lcps.org
Nasir Joyner,1029880@lcps.org
Natalia Dubovets,1099282@lcps.org
Natalia Ogden,1031928@lcps.org
Natalie Spencer,921560@lcps.org
Nataly Carrera,1090025@lcps.org
Natan Tesfalem,1006652@lcps.org
Nathali Amaya Dubon,1047057@lcps.org
Nathan Cifuentes,921003@lcps.org
Nathan Martinez Guerra,919600@lcps.org
Nathan Mulieri,913950@lcps.org
Nathan Peters,1044575@lcps.org
Nathan Remes,1014940@lcps.org
Nathan Seekins,1013942@lcps.org
Nathan Thomas,872236@lcps.org
Nathan Wang,1008818@lcps.org
Navya Rawat,1115846@lcps.org
Navya Sehgal,1020127@lcps.org
Navyasree Kothakota,1099678@lcps.org
Nazli Salim,828496@lcps.org
Neel Perdue,1043361@lcps.org
Neha Talaharla,1006528@lcps.org
Nevaeh Hollingsworth,1036499@lcps.org
Nick Lamar,1003993@lcps.org
Nicky Ulloa,1106845@lcps.org
Nicolas Montano Penagos,924209@lcps.org
Nicolas Younce,1031701@lcps.org
Nicole Aguila,1035750@lcps.org
Nicole Sorto Calidonio,1024324@lcps.org
Nikelle Rhinehart,1018909@lcps.org
Nikhil Kanjia,1028452@lcps.org
Nikki Halmamedova,1108226@lcps.org
Nila Wesley,1008272@lcps.org
Nisha Smith,1037577@lcps.org
Nithin Somasundaram,1020352@lcps.org
Nitin Hewa Kokkawalage Don,1107815@lcps.org
Noah Barnett,1029118@lcps.org
Noah Erspamer,1056521@lcps.org
Noah Snyder,894816@lcps.org
Noel Juana-Kamanda,1090283@lcps.org
Noel Ross,1067581@lcps.org
Noelle Lermitte,1023877@lcps.org
Nolan Wallace,1084274@lcps.org
Noore Zanab,1025845@lcps.org
Norah Salim,1026186@lcps.org
Nour Elsayed,1068943@lcps.org
Nurhan Abduletif,1119124@lcps.org
Nusrat Islam,1009824@lcps.org
Obaidurahman Ibrahimi,922579@lcps.org
Oliver Koharski,1032475@lcps.org
Olivia Filoia,1012534@lcps.org
Olivia Hurley,1003593@lcps.org
Olivia Jennings,1019443@lcps.org
Omar Baghdadi,1118087@lcps.org
Omar Hersi,923129@lcps.org
Omar Mahmood,1118571@lcps.org
Omar Qiaz,1026334@lcps.org
Oscar Cornelius,1088501@lcps.org
Osei Ntiamoah,1109440@lcps.org
Owen Mouw,1010786@lcps.org
Owen Peterson,1048560@lcps.org
Pablo Cardona Campos,1016070@lcps.org
Padyn Seaton,1068861@lcps.org
Paisley Blackstock,1032637@lcps.org
Paisley Wattier,1029334@lcps.org
Paisley Young,1031969@lcps.org
Pakteen Siddique,1117511@lcps.org
Parisa Paquin,1010787@lcps.org
Parmleen Bath,920837@lcps.org
Pasoon Wardak,1111954@lcps.org
Patrick Chou,1010491@lcps.org
Patrick Hargrave,1004298@lcps.org
Patrick Segura,1011484@lcps.org
Paul Flores,1065444@lcps.org
Paul Layne,1020158@lcps.org
Peemrata Kitiros,1005841@lcps.org
Persephone Cantuba,920176@lcps.org
Peter Korsunsky,1021197@lcps.org
Peter Lapin,1028757@lcps.org
Peter-Huy Nguyen,1088760@lcps.org
Peyton Beverly,1126091@lcps.org
Peyton Peterson,1048562@lcps.org
Phoebe Estipular,1045507@lcps.org
Piero Pala Cantuarias,902673@lcps.org
Piper Rossi,1010809@lcps.org
Pobittro Islam,1043996@lcps.org
Porter Ence,1024121@lcps.org
Pranav Natarajan,1074443@lcps.org
Pranav Selvamani,1098024@lcps.org
Prathik Harikrishnan,1008056@lcps.org
Prayan Gyawali,1117520@lcps.org
Precious Ojukwu Mercy,1120187@lcps.org
Preston Greenhill,1009005@lcps.org
Prince Johnson,1046354@lcps.org
Priyanshu Kanhere,1021693@lcps.org
Quinlan Bannister,1059577@lcps.org
Rachel Fullilove,1043938@lcps.org
Rachel Kuhns,1031696@lcps.org
Rafferty Cox,1093898@lcps.org
Raffi Daniel,1025441@lcps.org
Rahil Shah,1018179@lcps.org
Raima Yasin,1037693@lcps.org
Raina Waseem,1003121@lcps.org
Raine Smith,1018242@lcps.org
Raiya Haddad,918359@lcps.org
Rajasree Mohta,1043934@lcps.org
Rama Tamrjan,1045228@lcps.org
Raquel Martinez Mejia,1059087@lcps.org
Rayaan Saigol,1000512@lcps.org
Rayan Bouras,1015879@lcps.org
Raysha Gyanwali,1045593@lcps.org
Rayyan Ahmed,1018473@lcps.org
Razan Abbas,1099895@lcps.org
Razan Al Jalili,1011478@lcps.org
Reagan Hill,1030010@lcps.org
Reem Khalil,1010754@lcps.org
Reema Haddad,1018478@lcps.org
Reese Branson,1046777@lcps.org
Rehan Khan,1112857@lcps.org
Rehana Hameed,1075371@lcps.org
Renata Arancibia Torrez,1124480@lcps.org
Renita Lin,1088055@lcps.org
Renzo Rojas,1074501@lcps.org
Rian Arvic Tawagin,1111951@lcps.org
Rickcando Goodwill,1038507@lcps.org
Ricky Hargrave,921652@lcps.org
Ricky Kulyk,1018643@lcps.org
Riley Coffey,920492@lcps.org
Riley Hulcher,1018900@lcps.org
Riley Lyvers,1042389@lcps.org
Riley Staulcup,1010837@lcps.org
Riley Willis,921574@lcps.org
Rish Chandramouli,1018633@lcps.org
Rishi Rajesh,1085500@lcps.org
Robert Gross,904700@lcps.org
Robert Tweedie,1000853@lcps.org
Rohaan Cheema,1106943@lcps.org
Rohail Khan,923533@lcps.org
Roham Zarghami,1025818@lcps.org
Rohan Arun,923496@lcps.org
Rohan Mandhaiya,1006606@lcps.org
Rohan Rajesh,1085525@lcps.org
Roje Rajeh,1066459@lcps.org
Romir Kamat,1028448@lcps.org
Ronaya Black,1123359@lcps.org
Rook Hamblin,1010743@lcps.org
Roshan Varghese,1019724@lcps.org
Rowan Smith,886263@lcps.org
Rubell Brewer,1107839@lcps.org
Rush Rathnayake,811376@lcps.org
Ruth Asencio-Urbina,1049101@lcps.org
Ryan Ahlberg,1006116@lcps.org
Ryan Ball,1022476@lcps.org
Ryan Cummings,915760@lcps.org
Ryan Fila,923908@lcps.org
Ryan Kenney,1008277@lcps.org
Ryan Morey,1018182@lcps.org
Ryan Pineda,1093776@lcps.org
Ryan Qasim,1034267@lcps.org
Ryan Soppet,1020356@lcps.org
Rylan Nodianos,1032111@lcps.org
Rylee Trott,1018619@lcps.org
Saad Raja,1005600@lcps.org
Saanvi Mullapudi,1012581@lcps.org
Saanvi Pudasaini,1037400@lcps.org
Sabrina Anne Newby,1056507@lcps.org
Sabrina Furey,1004748@lcps.org
Sabrina Motamedi Alvarez,1006691@lcps.org
Sacha Agam,1032747@lcps.org
Sachin Somasundaram,848537@lcps.org
Sadaf Ahadi,1015137@lcps.org
Sadaf Safdar,902707@lcps.org
Sadie Pearson,1076224@lcps.org
Sadman Imtiaz,1105787@lcps.org
Safiya Serefli,1074870@lcps.org
Saga Chavez,1100649@lcps.org
Sahana Rajagopal,1032120@lcps.org
Sahej Kaur,1005942@lcps.org
Sahil Sahar,1080680@lcps.org
Sai Likhith Poreddy,1098507@lcps.org
Sai Raghavendran,1004390@lcps.org
Saifeldein Abbas,1087238@lcps.org
Saira Ahmed,1005631@lcps.org
Saiyara Fairooz Ashra,1117795@lcps.org
Salem Abayneh,1117213@lcps.org
Salman Behgoman,920862@lcps.org
Sam Cohen,1074911@lcps.org
Sam Helfen,1008098@lcps.org
Sam Iscandarani,1009067@lcps.org
Sam Wall,924248@lcps.org
Samaira Wadiwala,1042118@lcps.org
Saman Ahmadi,1024639@lcps.org
Samantha Jacob,922541@lcps.org
Samantha Spong,1009602@lcps.org
Samhita Kotamraju,924497@lcps.org
Samiullah Enayat,1119099@lcps.org
Sammy Jordan,1121832@lcps.org
Samuel Caicedo Fonseca,1026188@lcps.org
Samuel Rojas,1107886@lcps.org
Samuel Shehata,1117072@lcps.org
Sana Ali,1052144@lcps.org
Sana Azami,1100229@lcps.org
Sana Faizi,1118113@lcps.org
Sana Noorzei,1078909@lcps.org
Sanaa Saeed,1008475@lcps.org
Sanaa Smithen,1100442@lcps.org
Sanay Mishra,1021726@lcps.org
Sania Warrick,1037501@lcps.org
Santiago Gregoret,1056604@lcps.org
Santiago Ramirez Faria,1087299@lcps.org
Sanvika Santhosh,1028442@lcps.org
Sarah Berrouz,1046266@lcps.org
Sarah Grace,1089525@lcps.org
Sarah Mccarthy,1020578@lcps.org
Sarah Trivino,1098434@lcps.org
Sarayu Vadlamudi,923257@lcps.org
Sarish Bhosekar,1077024@lcps.org
Sasha Veludandi,1021216@lcps.org
Saumil Tripathi,1011437@lcps.org
Savannah Arnold,1097207@lcps.org
Savannah Putbrese,1031403@lcps.org
Savita Shah,1018184@lcps.org
Sawyer Welsher,922622@lcps.org
Sayed Yunus Zewari,1078863@lcps.org
Seb Almadin,1117941@lcps.org
Sebastian Amaya-Romero,922819@lcps.org
Sebastian Carrillo-Urbina,1055352@lcps.org
Sebastian Matos-Cevallos,1098014@lcps.org
Sebastian Ramirez Faria,1087876@lcps.org
Sebastian Sullivan,1076278@lcps.org
Sehajpreet Kaur,1109404@lcps.org
Selvin Cruz Abarca,1003577@lcps.org
Semaf Almutairi,1038316@lcps.org
Serena Wong,1059874@lcps.org
Serene Nour,1123164@lcps.org
Seyar Yousufzai,1119103@lcps.org
Shaan Sharma,1031711@lcps.org
Shafayet Noor,1100829@lcps.org
Shaheer Khan,1021422@lcps.org
Shahzil Syed,1043933@lcps.org
Shail Shah,1021676@lcps.org
Shalina Adane,1107100@lcps.org
Shameem Anwari,1102372@lcps.org
Shane Browarny,1050884@lcps.org
Shane Ochs,1020320@lcps.org
Shawna Syahril Azar,1018362@lcps.org
Shayaan Imran,1047408@lcps.org
Shayan Khan,1112823@lcps.org
Shayna Syahril Azar,922376@lcps.org
Shea Holstad,922338@lcps.org
Shelby Young,1018654@lcps.org
Shreena Patel,921286@lcps.org
Shreeya Rajbhandari,922240@lcps.org
Shruti Nimmagadda,1019527@lcps.org
Shubh Gandhi,913704@lcps.org
Siddarth Mahesh,1005798@lcps.org
Siddha Srirambhatla,1043482@lcps.org
Siddhant Biswal,1030753@lcps.org
Siddharth Mullapudi,1028673@lcps.org
Skyler Amaya,1020168@lcps.org
Skyler Mouw,1031962@lcps.org
Smit Gore,1089475@lcps.org
Sofia Pontigo,1053255@lcps.org
Soheila Mahmoudi,1044064@lcps.org
Solomon Chidi,1108958@lcps.org
Somaya Ramazani,1114567@lcps.org
Somaya Sarwari,1103907@lcps.org
Soniyah Nash,1035945@lcps.org
Sophia Amponsah,1023561@lcps.org
Sophia Furey,1006623@lcps.org
Sophia Hembree,1031858@lcps.org
Sophia Nabih,923590@lcps.org
Sophia Younce,1031702@lcps.org
Sophie Allen,1022841@lcps.org
Sophie Arias Lopez,1006035@lcps.org
Sophie Chen,1029629@lcps.org
Sophie Moses,1006380@lcps.org
Soriya Lay,1073372@lcps.org
Sree Kusuma,1018904@lcps.org
Srihan Hanumansetty,922928@lcps.org
Srividya Medicherla,1005724@lcps.org
Stefano Bako,1024513@lcps.org
Stella Pavlus,1035450@lcps.org
Stella Revelles,1087100@lcps.org
Stephanie Vidal Quinteros,1037372@lcps.org
Stephen Smithson,1034581@lcps.org
Steven Realegeno-Ochoa,1028677@lcps.org
Sthuthi Iyengar,915738@lcps.org
Suad Sultan,1021579@lcps.org
Suheyliz Fuentes,1031639@lcps.org
Sulaiman Barrie,1010178@lcps.org
Sulayman Syed,1020383@lcps.org
Suravi Pandey,924400@lcps.org
Sydney Payne,1018754@lcps.org
Sydney Wenger,1008604@lcps.org
Syeda Kirmani,1121756@lcps.org
Tahma Alhassan,1000393@lcps.org
Tai Diggs,1118452@lcps.org
Taj Bindra,1033143@lcps.org
Tajveer Bath,1008896@lcps.org
Tala Baghdadi,1118088@lcps.org
Taleen Tarawneh,1007296@lcps.org
Talia Mogul,1067872@lcps.org
Tanmayi Mendu,923261@lcps.org
Tanner Ahearn,919486@lcps.org
Tanvi Madavarapu,923480@lcps.org
Tanvi Prakash,1028443@lcps.org
Tarnue Kpangbala,1025504@lcps.org
Tashmi Islam,1023177@lcps.org
Tasja Black,1123360@lcps.org
Tawhid Afif,1034322@lcps.org
Tawsif Arik,1034323@lcps.org
Tedric Nguyen,1022176@lcps.org
Terren Mcdowall,1023144@lcps.org
Tesneem Elias,1096986@lcps.org
Tess Will,1032292@lcps.org
Tessa Reid,1031136@lcps.org
Thanish Reddy,1020591@lcps.org
Thechu Vijeshkumar,902458@lcps.org
Thien Tran,1037458@lcps.org
Thomas Raterman,923840@lcps.org
Thummim Hadera,1026589@lcps.org
Tiam Hafezi,1029640@lcps.org
Timothy Mank,1030007@lcps.org
Tindi Kaniaru,1085387@lcps.org
Titiksha Babu,1008526@lcps.org
Tj O'Shaughnessy,920444@lcps.org
Tommy Korin,921884@lcps.org
Tony Lee,1046813@lcps.org
Torbor Kugmeh,1058532@lcps.org
Tran Nguyen,1014788@lcps.org
Trevor How,1019119@lcps.org
Trinity Gibson,1046008@lcps.org
Trisha Kamat,1006592@lcps.org
Tristan Jensen,1006588@lcps.org
Tristan Phonseya,921316@lcps.org
Truc Tran,903176@lcps.org
Tvisha Nagar,1048227@lcps.org
Tvisha Seelam,1008952@lcps.org
Tyinna Marin,1100183@lcps.org
Tyler Cassidy,878154@lcps.org
Tyler Christopher,1024942@lcps.org
Tyler Combs,1014967@lcps.org
Tyler Coy,922049@lcps.org
Tyler Kovach,921221@lcps.org
Tyler Quenah,1022705@lcps.org
Valencia Mendez,1019563@lcps.org
Valentina Cueto,1114062@lcps.org
Valentina Torrico,1103486@lcps.org
Valeria Hernandez Duran,1044674@lcps.org
Valeria Puente-Aplicano,1044214@lcps.org
Valerie Melendez Treto,1029012@lcps.org
Valeryn Rodriguez Castellanos,1101776@lcps.org
Vanessa Brobbey,1117300@lcps.org
Vanya Sethi,1029679@lcps.org
Vassilios Panagopoulos,1021305@lcps.org
Velan Natarajan,921266@lcps.org
Veronica Sanchez Harmat,782182@lcps.org
Vibha Kadangal,1011100@lcps.org
Vibha Sangameswaran,921362@lcps.org
Victor Cruz Iglesias,1094695@lcps.org
Victoria Boakye,1020815@lcps.org
Vinny Dicaro,1009836@lcps.org
Vinny Jenkins,1021185@lcps.org
Violet Sullivan,1006648@lcps.org
Vishal Chada,1028668@lcps.org
Vittesh Ballepu,1017356@lcps.org
Vivienne Klinker,1010760@lcps.org
Wajma Hotak,1089211@lcps.org
Wania Islam,1077565@lcps.org
Wareesha Islam,1019245@lcps.org
Wesley Mulieri,1006782@lcps.org
Westyn Stephens,1014888@lcps.org
Will Ajima,921947@lcps.org
Will Deberry,1084579@lcps.org
Will Tuttle,787127@lcps.org
William Frere,1123442@lcps.org
William Hambleton Newby,1056509@lcps.org
William Laird,1096987@lcps.org
Wren Matthew Chua,1112344@lcps.org
Wyatt Beverage,1090419@lcps.org
Xavier Marshall,1011778@lcps.org
Xavier Perez-Visona,1068796@lcps.org
Yamin Rad,1035244@lcps.org
Yanik Wagner,1029269@lcps.org
Yiannis Balasis,1001666@lcps.org
Yihao Li,1048016@lcps.org
Yizhen Li,1037355@lcps.org
Younes Djebbari,1009345@lcps.org
Yousef Hussein,1076909@lcps.org
Yuktha Vadlamudi,1017364@lcps.org
Yusuf Sahin,1080405@lcps.org
Yuzain Siddique,1017646@lcps.org
Za'Niya Beach,1106784@lcps.org
Zachary Lodge,1034998@lcps.org
Zachary Peters,1044582@lcps.org
Zachary Schneider,1013713@lcps.org
Zachary Torres-Estrada,1024452@lcps.org
Zack Brandenburg,1031674@lcps.org
Zafeer Meraj,1010626@lcps.org
Zahra Faieq,921257@lcps.org
Zahra Ghafoori,1111441@lcps.org
Zahra Miri,1089308@lcps.org
Zain Zia,1030674@lcps.org
Zainab Abdullah,863675@lcps.org
Zainab Ghafoori,1111440@lcps.org
Zainab Rahmani,1026587@lcps.org
Zakariya Labriny,1066532@lcps.org
Zakir Abduletif,1119122@lcps.org
Zara Rahman,921260@lcps.org
Zargham Askari,1005535@lcps.org
Zawak Wardak,1111953@lcps.org
Zay Wilkerson,1032454@lcps.org
Zenat Azami,1100231@lcps.org
Zeyad Abbas,1087239@lcps.org
Zeynep Cicos,1018732@lcps.org
Ziba Lakanwal,1123627@lcps.org
Zion Gatson,1075654@lcps.org
Zoe Anne Escano,1091092@lcps.org
Zofia Kong,923476@lcps.org
Zohaa Syed,1017381@lcps.org
Zohair Zohair,1119083@lcps.org
Zohra Usmani,1054980@lcps.org
Zoya Ahmed,1006645@lcps.org
Zuhair Askari,1028939@lcps.org
Zunairah Ali,1118159@lcps.org
Zuri Bowen,1022196@lcps.org
Zuzu Gates-Shannon,1009988@lcps.org
Zyreign Althea Jacobo,1104090@lcps.org
